Cohort ID	Likelihood Weights	Mortality Prob
0	3.8747308344786055e-16	0.1125533007053861
1	8.962890324979725e-41	0.15804867401632372
2	8.389493269433106e-06	0.050017156222601736
3	6.904414131408729e-07	0.09534988589477597
4	0.00831598409357696	0.07201338362256696
5	0.004223898650075156	0.06385078921531967
6	0.0018119549520788079	0.07793903170665065
7	8.046989169966292e-11	0.10183410905645718
8	1.1684889855125132e-15	0.1095151211346005
9	8.63508219480891e-22	0.13082251010050355
10	1.853111538593888e-17	0.11287917716049423
11	1.2860139274229548e-41	0.15278292505951394
12	0.00037997245290536963	0.08066783745972762
13	2.3395984282050378e-57	0.18171761545864185
14	0.0008631631757640407	0.05410813897968893
15	1.1482498552302113e-39	0.15057012652676036
16	4.016580668518781e-14	0.11259572035506905
17	1.8651275612608867e-28	0.13380347426686276
18	0.010364431436547639	0.07105804078928507
19	0.007702956277282287	0.07971522336273182
20	6.585572795268668e-47	0.17011168530133053
21	3.9316722094103547e-72	0.19523923635790963
22	9.356546230577322e-08	0.09701362672388644
23	4.705203797181209e-41	0.15384839235039713
24	1.4805444304627186e-60	0.18145837284440575
25	6.420147952880106e-61	0.1841909995255771
26	0.00017843402088020977	0.06275663170546669
27	0.00033197601120713103	0.05585821748493236
28	0.003853439031852098	0.07547456293468534
29	3.964493104484006e-63	0.18172137551441198
30	0.005207734883640609	0.06475202507495752
31	3.3515359595364103e-10	0.11316614375075784
32	1.2537701927230466e-74	0.19368342952257533
33	1.8097951068451843e-20	0.12997479274595258
34	2.1317501974921704e-45	0.15378156709257101
35	1.4814886852921847e-07	0.09732734465090945
36	3.7220209693864475e-34	0.15297513915223757
37	6.585572795268668e-47	0.17519385078460598
38	8.389493269433106e-06	0.05274324160162877
39	1.6584048587384802e-44	0.16252164724174514
40	2.677611626564934e-69	0.19832916333597422
41	9.338348023427868e-63	0.1622248481569759
42	8.061232432833015e-05	0.09206659880966078
43	5.214469507216299e-57	0.1683918992677233
44	0.01081954219819524	0.0654839009866463
45	3.455017571885213e-15	0.11718402892638578
46	5.214469507216299e-57	0.18628932546396437
47	2.236253948658171e-08	0.09404212225605194
48	6.904414131408729e-07	0.09316630078795232
49	0.010364431436547639	0.06950428581774165
50	0.00020948005044648955	0.052905043680544564
51	6.160840547699754e-36	0.15182532994098366
52	0.00010911136868717354	0.08174421740000887
53	6.226431405455801e-06	0.08983199890583393
54	4.2299768773087864e-20	0.12373597389205075
55	0.006955006883416827	0.05800438176756206
56	1.0500667120410655e-31	0.13611764082380198
57	0.009733115511562414	0.07200928623587152
58	2.9223489235783575e-26	0.13839583053549265
59	2.463271285565003e-41	0.1549637540031397
60	0.008633420648247306	0.06535016432417388
61	1.0091953178323052e-09	0.11210839817293526
62	6.418417913189224e-44	0.1541600236591618
63	4.1969956487490927e-13	0.11212689042903541
64	0.0023286865588014725	0.057493018841913074
65	1.7818844764724497e-26	0.13038446088732675
66	2.076951500045469e-33	0.14956919678296834
67	4.979971815536159e-21	0.1272333668087463
68	2.2613666451604977e-73	0.19168921339862205
69	1.0839250925346833e-26	0.13798325607529896
70	3.402417640004922e-60	0.18551028729318253
71	0.0030618783784959074	0.07062120562193563
72	0.010501434191284416	0.07089145208761378
73	2.6696859124053186e-46	0.17110869330642858
74	4.1969956487490927e-13	0.10965152554783004
75	0.0070392622406707005	0.07480312956753993
76	1.667032760406802e-68	0.1891262870594051
77	2.236253948658171e-08	0.102164878961826
78	2.6696859124053186e-46	0.16262181547042337
79	2.6696859124053186e-46	0.15889969780256774
80	4.6627424305608444e-58	0.18249591368087148
81	1.98409529129439e-32	0.14355083105834135
82	2.1653787890396832e-49	0.1626413651041006
83	1.3637223385208818e-08	0.1023347512966764
84	1.5847763356076967e-06	0.09048918376475393
85	1.1946325698532017e-61	0.18438293272941003
86	7.040254278877227e-15	0.11421367848069425
87	1.508015446764258e-66	0.19472600707225785
88	6.451848243659618e-33	0.14951622467276723
89	1.7026483595595865e-40	0.14325435803136827
90	0.010861501059001088	0.06721189594300628
91	1.4805444304627186e-60	0.1924233888060607
92	2.249351497609862e-19	0.1174868200219911
93	9.353273764855502e-31	0.1367584421580698
94	5.841101354671833e-10	0.1112205204141922
95	0.0009822889469898134	0.08555404703645417
96	5.507063450913404e-51	0.1855069280843381
97	5.41221680736248e-25	0.1360519230008429
98	4.35185620143939e-05	0.05043054905467385
99	1.820828049029662e-31	0.1425717370431086
100	6.3889234155221564e-09	0.09899673526581443
101	3.547031833203527e-22	0.1290587153386414
102	9.168184548201771e-59	0.1828913148966162
103	8.046989169966292e-11	0.10359046400037497
104	1.1946325698532017e-61	0.18628027263796992
105	1.6058931724350064e-30	0.14350401736877044
106	9.06836641015474e-05	0.052373186426983444
107	3.964493104484006e-63	0.1894155850615642
108	2.157642128790916e-39	0.1536345376275386
109	1.523813079557978e-72	0.19959842756772211
110	0.0023820043405093183	0.0758510762517993
111	0.00603281003532369	0.07057036244433167
112	1.2537701927230466e-74	0.18988931945557458
113	6.160840547699754e-36	0.15452272422348506
114	0.01018289753349255	0.05990002590830938
115	6.585572795268668e-47	0.16331945789036997
116	2.1317501974921704e-45	0.16308142826918698
117	3.402417640004922e-60	0.18845368033197252
118	2.6696859124053186e-46	0.15672871379427078
119	0.007987224446905207	0.06864064429582471
120	1.6224079230088277e-06	0.05298202007596934
121	0.00017843402088020977	0.0539316480316579
122	9.786141430783402e-07	0.05424597320311919
123	0.0023820043405093183	0.08693166014045689
124	2.071084532020388e-58	0.1790041923024332
125	3.547031833203527e-22	0.13082465965124795
126	3.9824222850158524e-27	0.1329232968028649
127	1.2447662340790138e-55	0.17630463385394085
128	0.008342991361426402	0.06862599726798668
129	0.00025598375541616505	0.09187755185167093
130	3.125260486646151e-28	0.1378638907187432
131	4.044749073289509e-59	0.19543936224795122
132	1.1739460906545093e-33	0.1341545328883565
133	2.646454783956248e-06	0.05279709340594146
134	5.9631028399667315e-55	0.17009490090209245
135	0.0002233604983768345	0.08494614107615307
136	9.206901955504727e-49	0.1710657793428169
137	2.1701560387159637e-13	0.10817909660962577
138	5.126091173312581e-62	0.17953127818391434
139	4.705203797181209e-41	0.1620682464105777
140	3.9824222850158524e-27	0.13343603509856283
141	0.00603281003532369	0.07046828384910275
142	0.0028035897358798783	0.05898765342683175
143	0.00948715229511219	0.0682015183611106
144	0.0013855458323748541	0.056682781781714264
145	0.006955006883416827	0.06612411936591395
146	0.0004314186771526666	0.0838564007911782
147	3.2672294669325495e-44	0.15694834705740152
148	2.4053123275997026e-27	0.13395754730812137
149	8.389493269433106e-06	0.05188339702386738
150	0.004223898650075156	0.06079614195342302
151	1.2698119114710448e-77	0.19509144950004081
152	5.540646262200638e-22	0.13521506928799132
153	0.0002233604983768345	0.08049398519914858
154	2.191804969715863e-05	0.08784886168554852
155	2.463271285565003e-41	0.16157387811126395
156	0.0030633863726598183	0.07931442216639782
157	4.781441560645694e-26	0.13720383909098868
158	4.23464077937755e-70	0.19550299836324686
159	9.338348023427868e-63	0.17702432022350528
160	0.0008795898997018272	0.08597716387213794
161	5.891166710138534e-17	0.1240654571403095
162	7.55693981657252e-39	0.14299335775720698
163	4.6627424305608444e-58	0.17434713493252685
164	0.00010911136868717354	0.07351870919691264
165	0.0002450737007276571	0.05278643032661143
166	0.00015145821440466382	0.06050332155788335
167	6.445078443361056e-20	0.12295176664055478
168	9.353273764855502e-31	0.14094941924799959
169	3.9824222850158524e-27	0.1353277155629722
170	4.6195172359438504e-08	0.09760436139832412
171	1.667032760406802e-68	0.19829242316186735
172	1.4053645886995765e-24	0.13696178288686955
173	3.812102917867636e-09	0.10702117589353258
174	3.615434420951106e-24	0.13264223286768453
175	4.705203797181209e-41	0.16180016463597535
176	5.585249880718993e-37	0.1503849340179777
177	1.050686613076634e-06	0.08973793364942143
178	0.0011007379514113447	0.059950225164266235
179	5.817655298187545e-13	0.10551262968711596
180	6.451848243659618e-33	0.1444576260532347
181	0.0018119549520788079	0.08152610148722594
182	4.783773558727577e-43	0.16291333306082212
183	0.002112358386104297	0.059980472203117245
184	2.8871498323858864e-06	0.08904726478678116
185	1.2962914167871704e-52	0.17071318456150184
186	0.004139179169810498	0.07901514239349916
187	3.393863446846503e-36	0.14591913213199104
188	1.4661189731754785e-23	0.12870054636856007
189	2.1917982388917846e-62	0.18872119555990263
190	5.155298620985806e-06	0.08949451557306665
191	0.0004435842598754753	0.05989416360260357
192	4.705203797181209e-41	0.16025989449330044
193	8.393759370762637e-45	0.16582670443148703
194	9.338348023427868e-63	0.18617237787552865
195	2.677611626564934e-69	0.18979581037952564
196	1.6224079230088277e-06	0.052092735946339556
197	0.0006226014160168528	0.08515431291821308
198	2.309431291686925e-29	0.14251675355024868
199	5.178980218452052e-65	0.1923524481031425
200	2.1917982388917846e-62	0.19252641788706198
201	6.594925995707824e-29	0.13349797822927348
202	2.3395984282050378e-57	0.1873409524649412
203	5.224192267739117e-28	0.14623493134195065
204	2.1701560387159637e-13	0.10850115712118695
205	2.5794874961527007e-18	0.12289860006453647
206	1.11041127996891e-28	0.140646572437996
207	1.1798002806535148e-20	0.1324321882262844
208	4.741468876934134e-75	0.18892721400596807
209	1.2422097843303694e-64	0.18781001534504094
210	7.040254278877227e-15	0.10923134193853325
211	2.677611626564934e-69	0.19448937926610682
212	0.0019897601867450458	0.07609335000206965
213	0.007702956277282287	0.0689494279159456
214	0.010163696851590276	0.0702618737070097
215	2.7699513903366554e-20	0.12584932485153452
216	3.589199026599017e-05	0.0532287207911297
217	1.2422097843303694e-64	0.1921955316826522
218	1.2988130112459315e-54	0.1740673206756099
219	4.35185620143939e-05	0.05225284711131836
220	0.007702956277282287	0.07642943833625829
221	6.3889234155221564e-09	0.09980953615502555
222	0.01063189738052073	0.06964952672163754
223	3.2564309718451287e-47	0.17142360381898733
224	2.935048272685909e-09	0.10171049790249403
225	4.1355933712185405e-68	0.1910161223500051
226	9.179695964353644e-23	0.137302126992062
227	6.171613789902382e-67	0.18182479766177662
228	6.593002873816591e-71	0.17671016680883328
229	1.2422097843303694e-64	0.18580884780629742
230	4.0153743015096966e-17	0.11898203987252105
231	3.547031833203527e-22	0.131952022403056
232	1.1548096296953463e-50	0.1697905386728059
233	2.903433311291293e-07	0.09285782776012214
234	9.798148746727245e-20	0.12353802839298918
235	3.907369013402284e-29	0.13986654614688177
236	4.35185620143939e-05	0.052329991332625364
237	1.7818844764724497e-26	0.1390222112294956
238	1.1105539150141753e-12	0.11505145234841875
239	1.2447662340790138e-55	0.17110407933272626
240	1.4814886852921847e-07	0.09728672046430595
241	2.7742884831293465e-61	0.18393330627877275
242	1.132842071757918e-32	0.13667858229268035
243	0.0018119549520788079	0.07760153024411977
244	1.2408008483494437e-51	0.16818938507382566
245	1.1739460906545093e-33	0.14180467655674012
246	6.327802932397382e-05	0.05808639081106295
247	7.040254278877227e-15	0.11302905200016984
248	1.7997196866655224e-42	0.15186032548481446
249	4.1355933712185405e-68	0.1877902666966289
250	9.786141430783402e-07	0.05006030373370362
251	1.7783452161054592e-59	0.19651387235465895
252	6.3889234155221564e-09	0.10648704721186618
253	1.7856580394905057e-75	0.1960675307537484
254	3.1495053182662035e-31	0.14070741514610796
255	4.471781393073198e-49	0.17432687119710397
256	1.2709928398906184e-25	0.13620672570621536
257	3.1495053182662035e-31	0.14421142974610257
258	9.389335947546455e-05	0.0928364422543541
259	1.11041127996891e-28	0.13802500109841245
260	1.7026483595595865e-40	0.162503264555399
261	1.2988130112459315e-54	0.17874707546435636
262	6.695374261137076e-42	0.16326232827015202
263	3.476129144614385e-42	0.15470858726709547
264	1.4805444304627186e-60	0.17967191450818998
265	1.0091953178323052e-09	0.09840214952551198
266	6.040648782478335e-32	0.1506183186181381
267	8.476942660659187e-18	0.11763109046200239
268	1.5294043363710277e-12	0.10731541280472759
269	8.046646921932388e-13	0.11162170248832785
270	5.610322809687378e-16	0.1102219375204311
271	8.061232432833015e-05	0.09760759189374155
272	6.577929460257562e-27	0.14328790518804524
273	1.0016948456155368e-14	0.11453709062318966
274	3.4438881574850487e-77	0.19607031168908784
275	5.585249880718993e-37	0.15167013371514668
276	8.061232432833015e-05	0.07978548326406663
277	5.610322809687378e-16	0.11400515140220494
278	4.4791888083096476e-11	0.10150193596616347
279	3.2672294669325495e-44	0.16964582059378502
280	2.1512833641589326e-65	0.1819997432845148
281	9.168184548201771e-59	0.18557629337395581
282	4.043412748510877e-39	0.14940797185628935
283	7.503278405591011e-06	0.09053123930446368
284	0.00016887572420133944	0.08785500522568847
285	6.066926929901457e-53	0.1782346914046104
286	7.804801784012714e-26	0.129157196946312
287	1.316337239969207e-53	0.17032416260068972
288	6.040648782478335e-32	0.13587327757874096
289	1.4085641048238744e-38	0.15997137879312667
290	5.823185664951882e-23	0.12785174411960837
291	2.819789849094181e-54	0.16563258657528324
292	1.0839250925346833e-26	0.13532869860570734
293	4.0153743015096966e-17	0.11985648178879714
294	1.7482261583364225e-08	0.10140333619299227
295	0.005898822248532549	0.06023140226250562
296	1.906446538341986e-10	0.10668862689921499
297	0.01081954219819524	0.06194391165473786
298	8.10862207584087e-80	0.1974225670595668
299	0.010873916499020513	0.07724192769961458
300	5.9631028399667315e-55	0.17177880465808099
301	2.5645805160564975e-56	0.18124424674338474
302	1.2860139274229548e-41	0.15326198785789152
303	2.0831309965074892e-21	0.13542416191180637
304	0.00636735645527744	0.07414571552234132
305	1.72731257095768e-18	0.12003200341449596
306	9.968858674208419e-12	0.10177580767328226
307	0.00019444225533163083	0.0837559936721127
308	2.064925859510653e-25	0.13887678031486952
309	7.686106890785787e-10	0.09684047565528756
310	1.667032760406802e-68	0.18744583302025264
311	2.071084532020388e-58	0.18644532874273356
312	0.0002926892322848813	0.08856774406732944
313	0.005550777351347761	0.06663369511160439
314	0.0080269332065821	0.07894440980286693
315	8.105540497431623e-16	0.12493762560183293
316	9.291755548770051e-43	0.15928785019618946
317	8.061232432833015e-05	0.08122916576131872
318	0.0004886812562086443	0.08720503375658462
319	7.891847063151993e-48	0.17775078124045507
320	5.652913593158239e-14	0.1123773077401291
321	7.804801784012714e-26	0.14250276007328544
322	0.0025967225625937737	0.08504992088588752
323	0.006602849914535346	0.06529508891386962
324	1.4661189731754785e-23	0.12737855254527947
325	1.8097951068451843e-20	0.12157114805746737
326	0.007702956277282287	0.0729007466139745
327	2.064925859510653e-25	0.14327093476106234
328	1.820828049029662e-31	0.13160151782209073
329	2.087766185619022e-34	0.14812060204561167
330	0.008937353521741638	0.07168183101869897
331	8.393759370762637e-45	0.1627291725702866
332	0.0002233604983768345	0.08330737096998841
333	4.2299768773087864e-20	0.12790277365490496
334	4.471781393073198e-49	0.16779440423324288
335	0.0012369593998686644	0.05334956419877093
336	3.942938921798773e-12	0.09865436895892798
337	1.2988130112459315e-54	0.18093835646001666
338	5.031291953095882e-50	0.17670644114031048
339	9.215179535771563e-24	0.13076608888918156
340	5.862244287717133e-52	0.17999124112497694
341	2.1512833641589326e-65	0.192470898703044
342	3.22561729343552e-40	0.17396104964440123
343	1.1946325698532017e-61	0.1781173165754808
344	0.006602849914535346	0.06481151027305226
345	6.160840547699754e-36	0.1476956498511487
346	3.2672294669325495e-44	0.15552754822289797
347	3.9824222850158524e-27	0.14153612189699447
348	1.7997196866655224e-42	0.16994228926040422
349	8.389493269433106e-06	0.05518568298074514
350	5.351607152380605e-46	0.165535810183247
351	1.0218776651871052e-36	0.15975929011092904
352	8.061232432833015e-05	0.08895475899475297
353	1.2918216790899708e-06	0.08856039482332201
354	1.1739460906545093e-33	0.1448454976145192
355	1.7482261583364225e-08	0.10179461923866225
356	9.206901955504727e-49	0.16948830170109314
357	5.841101354671833e-10	0.1169219348005186
358	2.819789849094181e-54	0.16741241221762582
359	1.0669107646884157e-69	0.1985707675435761
360	1.8580544057702399e-07	0.09503725093008503
361	0.007702956277282287	0.0714508742387149
362	1.7783452161054592e-59	0.1851962654523911
363	6.594925995707824e-29	0.13123390683310598
364	2.500929965620938e-76	0.19621105562826235
365	2.618445522378147e-38	0.1454906600002846
366	1.0103654409271005e-71	0.19908695369157187
367	6.577929460257562e-27	0.13191062062144276
368	9.179695964353644e-23	0.1289638900858282
369	0.006602849914535346	0.07031418546082549
370	1.0614675369253839e-08	0.10335577564758218
371	1.04440032397274e-05	0.053932785094455996
372	0.00636735645527744	0.07405927692794737
373	2.4559489201596618e-43	0.16184557890612444
374	2.414448350572785e-05	0.05455995348931833
375	1.0750745658530759e-10	0.10498146458656166
376	2.819789849094181e-54	0.17935193792570664
377	1.11546273771199e-35	0.15390165762610317
378	3.628325871151217e-35	0.1536413213099253
379	0.0030633863726598183	0.07829552014329663
380	1.4221168901417958e-14	0.11628564211226351
381	1.2709928398906184e-25	0.1372366111016437
382	2.2613666451604977e-73	0.19846275614955583
383	0.002179716569242056	0.08058593378496828
384	2.191804969715863e-05	0.08715993526435323
385	3.6334639534814234e-05	0.0893259625659368
386	2.6696859124053186e-46	0.16252586199469893
387	8.046646921932388e-13	0.11854629911535393
388	0.0007606032742976156	0.05853941576166426
389	5.41221680736248e-25	0.12627743609153597
390	0.0004886812562086443	0.08179402469655139
391	4.471781393073198e-49	0.16979063671403155
392	2.599922212176707e-05	0.09459970722609085
393	0.0030618783784959074	0.054140901793175544
394	9.353273764855502e-31	0.13901486741969316
395	4.044749073289509e-59	0.17657606433967832
396	3.455017571885213e-15	0.10715241860933214
397	4.783773558727577e-43	0.16247874660892153
398	3.8435420814886704e-18	0.12667122174456924
399	2.064925859510653e-25	0.1311427707443283
400	2.968637845575898e-64	0.19391514815926286
401	5.507063450913404e-51	0.17059413372479704
402	0.0002450737007276571	0.0548484599935361
403	4.236168322168811e-45	0.15640808768469427
404	1.8360710007326543e-16	0.11975022223452593
405	3.402417640004922e-60	0.19213234120926498
406	4.280748925552699e-05	0.08321491014852325
407	0.0002233604983768345	0.09006080295265487
408	0.010873916499020513	0.06222109473158931
409	8.046646921932388e-13	0.114292824299568
410	0.009733115511562414	0.06635281460286024
411	2.309431291686925e-29	0.1450680140917877
412	5.351607152380605e-46	0.17044448560606068
413	7.55693981657252e-39	0.1545200744180268
414	3.22561729343552e-40	0.16493170716136557
415	8.046989169966292e-11	0.10136811797652798
416	2.071084532020388e-58	0.17687772245415168
417	7.040254278877227e-15	0.1143153162499164
418	4.471781393073198e-49	0.17360148056184782
419	8.711833151678212e-28	0.14397442379364409
420	0.0036183573928988905	0.07151345730053674
421	0.002112358386104297	0.0617580349782422
422	1.9439739029675225e-07	0.0527498964369511
423	0.009496251092078977	0.06000874964590347
424	5.817655298187545e-13	0.11878757205626479
425	0.007649345102089991	0.06700128841513858
426	0.00033197601120713103	0.0541675023273005
427	2.463271285565003e-41	0.1632292222085701
428	4.1969956487490927e-13	0.10922757206909592
429	1.1680805201828793e-34	0.1620407743411288
430	4.016580668518781e-14	0.11786072401196775
431	1.1105539150141753e-12	0.11751301205011418
432	1.853111538593888e-17	0.12171087600767466
433	1.254730890434899e-17	0.12110058898432911
434	6.418417913189224e-44	0.17047450131712547
435	9.356546230577322e-08	0.11035887797866038
436	7.792023966619382e-60	0.18570292405154348
437	5.80656361908697e-07	0.055559157193105384
438	2.6180968919484836e-51	0.16608115140806282
439	0.006602849914535346	0.06884620717066083
440	3.7220209693864475e-34	0.14277703503681283
441	2.646454783956248e-06	0.051554639200284795
442	5.540646262200638e-22	0.13079409238645207
443	2.646454783956248e-06	0.05045269349293946
444	1.667032760406802e-68	0.19267906782353073
445	1.2422097843303694e-64	0.18581030505541674
446	1.1548096296953463e-50	0.16939504129134042
447	2.5645805160564975e-56	0.18729114798721813
448	0.008633420648247306	0.07183373467375956
449	0.010748270300629822	0.07365951048058
450	0.004139179169810498	0.0781447509353651
451	3.665253977301322e-33	0.1433743853449882
452	3.671014414621664e-66	0.18587142440124532
453	1.667032760406802e-68	0.19849327675386108
454	8.962890324979725e-41	0.1566683688148724
455	1.2860139274229548e-41	0.1597700613713443
456	5.178980218452052e-65	0.1863939806816382
457	8.046646921932388e-13	0.11013105985566815
458	9.389335947546455e-05	0.08747760203375551
459	0.004435065074748452	0.07601452561806843
460	0.008342991361426402	0.06791855755005935
461	3.964493104484006e-63	0.17189158820492434
462	0.00537460305466727	0.07201885601258648
463	5.031864473141564e-05	0.08964462240903512
464	4.471781393073198e-49	0.17286337679502964
465	5.57842881482171e-07	0.0965880877691315
466	6.696755265682654e-76	0.19736261739394145
467	1.295484041281323e-05	0.08999580532274529
468	2.265577736651689e-22	0.1300480017456817
469	2.8542753908087774e-08	0.09717005167787746
470	1.667032760406802e-68	0.18661592467607563
471	3.330969523579829e-11	0.10498349657768517
472	3.942938921798773e-12	0.1150388490909747
473	1.154099167293576e-18	0.1268439038417542
474	2.5162689204329784e-67	0.19083297160545704
475	0.0004435842598754753	0.05464235094067261
476	4.783773558727577e-43	0.15753179954475338
477	2.1512833641589326e-65	0.18365284314385089
478	6.327802932397382e-05	0.05409308352762032
479	1.254730890434899e-17	0.12830768708787663
480	2.847707229530961e-14	0.0988984717655038
481	7.792023966619382e-60	0.17892339812983787
482	4.781441560645694e-26	0.1337774826383777
483	2.157642128790916e-39	0.15353418022441218
484	4.2299768773087864e-20	0.11792802499273063
485	6.451848243659618e-33	0.1442463556282036
486	2.3252155423804526e-07	0.09351452775311389
487	6.327802932397382e-05	0.05140228669497737
488	2.4053123275997026e-27	0.13651339024806364
489	4.497147339154281e-07	0.09671663211986943
490	1.0839250925346833e-26	0.12759013977516948
491	8.903227136853982e-66	0.1874608779580847
492	5.652913593158239e-14	0.11397121827520941
493	0.0004314186771526666	0.08710940549035781
494	1.4331853913673876e-10	0.10569406419185817
495	6.593002873816591e-71	0.18977916749548113
496	1.2537701927230466e-74	0.19053025719636407
497	1.2988130112459315e-54	0.176649492284857
498	7.792023966619382e-60	0.1880309771458491
499	0.0002233604983768345	0.08418504349269755
500	0.006602849914535346	0.06312233143303864
501	0.00014633157235026365	0.08409646044270333
502	1.9398507988563455e-06	0.09715649241710758
503	0.0030633863726598183	0.07621488145344674
504	6.577929460257562e-27	0.1410641242958691
505	8.105540497431623e-16	0.1120379622501742
506	1.1548096296953463e-50	0.17245272677408213
507	0.008342991361426402	0.0777695597403546
508	3.22561729343552e-40	0.1552814794634466
509	1.295484041281323e-05	0.08605334372737083
510	2.309431291686925e-29	0.13613286332612898
511	3.330969523579829e-11	0.10234813958311834
512	0.0007606032742976156	0.05854465992242491
513	0.0004314186771526666	0.08432205064405639
514	3.665253977301322e-33	0.14961538330321905
515	2.249351497609862e-19	0.1245875140040797
516	3.3469395057615566e-25	0.12785239761105183
517	0.0016460486917624368	0.07620802251633838
518	8.711833151678212e-28	0.13560737773193848
519	4.661874975532445e-78	0.19951301378123154
520	1.2988130112459315e-54	0.17252526631874332
521	4.699156996336307e-30	0.1391558935746467
522	6.202324120467923e-79	0.19639836024963575
523	1.4805444304627186e-60	0.18523438770039824
524	1.4437784414235054e-22	0.13934119004039686
525	0.0009763351843311612	0.05486394879716857
526	0.009225650131981834	0.06403656437262212
527	0.0012369593998686644	0.05980575725633396
528	1.0016948456155368e-14	0.1177599723037213
529	2.1701560387159637e-13	0.10631522497517867
530	3.7076336373844216e-81	0.19630250514054298
531	0.00636735645527744	0.07519749397994224
532	1.523813079557978e-72	0.19591813878989828
533	6.418417913189224e-44	0.16512123032945197
534	2.830471446155997e-53	0.17363567594367468
535	1.1739460906545093e-33	0.14489237251669962
536	8.962890324979725e-41	0.1503099155310098
537	3.2245083447661985e-21	0.12153235002817901
538	2.646454783956248e-06	0.05197045353846084
539	1.3637223385208818e-08	0.10295091283127372
540	1.72731257095768e-18	0.12381077022403378
541	2.4559489201596618e-43	0.15951368166351565
542	5.652913593158239e-14	0.1202942514119164
543	8.105540497431623e-16	0.11861073741341477
544	0.010861501059001088	0.07064941114184048
545	7.553785365817017e-07	0.051633310070521854
546	5.031291953095882e-50	0.16374173907154943
547	2.903433311291293e-07	0.09799292571165177
548	1.6741890591349917e-70	0.1976575175290266
549	0.004139179169810498	0.0830351339238734
550	1.5294043363710277e-12	0.10080620382225196
551	1.4661189731754785e-23	0.12858442034991976
552	4.236168322168811e-45	0.16323371855907992
553	5.117847405661057e-19	0.11957866758504436
554	0.00948715229511219	0.06872338146675144
555	1.2918216790899708e-06	0.09687520677380743
556	6.445078443361056e-20	0.1256778754551492
557	1.0218776651871052e-36	0.15107735120253016
558	5.031291953095882e-50	0.16552249344681386
559	0.009223187386224935	0.06955036714315314
560	0.003333635363734232	0.05343726969835727
561	8.624218705194754e-17	0.12786234833179844
562	2.4141365718393283e-50	0.17149830659936247
563	1.9439739029675225e-07	0.05189056505448145
564	3.7220209693864475e-34	0.1508704766980601
565	4.043412748510877e-39	0.15302123399854878
566	1.259743747995238e-16	0.11738701303799565
567	5.659341542396126e-56	0.18721830301129017
568	2.7504341934058684e-30	0.14665416271354897
569	4.4449024013911706e-07	0.05078597564771988
570	8.476942660659187e-18	0.12266426682715635
571	1.2422097843303694e-64	0.17889767091464004
572	2.6180968919484836e-51	0.17455993550560095
573	1.8647262282430668e-36	0.1473731295668717
574	3.1495053182662035e-31	0.15105476358479475
575	6.040648782478335e-32	0.1367749369683801
576	1.295484041281323e-05	0.09111796627502783
577	1.4437784414235054e-22	0.13407949858040885
578	3.665253977301322e-33	0.15075946772261306
579	8.046989169966292e-11	0.10286444453246134
580	1.2988130112459315e-54	0.17837425508808918
581	0.0035785397296669136	0.0792556229013061
582	5.031291953095882e-50	0.1620981215497885
583	1.3637223385208818e-08	0.09344041192803162
584	1.6584048587384802e-44	0.16606989308662734
585	5.817655298187545e-13	0.11416059940041144
586	2.7289021734717967e-55	0.17115476136683144
587	4.4293548751371003e-10	0.10303022940019857
588	0.0023820043405093183	0.08205398564443718
589	1.1482498552302113e-39	0.16509267626326501
590	1.8580544057702399e-07	0.09629629214459767
591	1.8898947994748467e-48	0.15998676015896413
592	1.4085641048238744e-38	0.16167097296165983
593	0.0006226014160168528	0.08320950513623017
594	0.009223187386224935	0.08211682052309727
595	0.009733115511562414	0.07984218851406001
596	0.010163696851590276	0.0713777506648767
597	3.812102917867636e-09	0.10656238988110013
598	3.589199026599017e-05	0.053994182703743225
599	0.010519898574634999	0.0666380553551361
600	6.040648782478335e-32	0.15118460356451158
601	4.236168322168811e-45	0.16996648053460794
602	0.006955006883416827	0.06207942906925789
603	0.0030633863726598183	0.08475534657286882
604	0.004139179169810498	0.08114384927057217
605	1.2447662340790138e-55	0.1876000344622446
606	2.618445522378147e-38	0.15669717772047304
607	1.0839250925346833e-26	0.13308269165771214
608	3.6174576703242423e-07	0.09567769818809305
609	6.066926929901457e-53	0.17522810714476977
610	2.0145981415846167e-14	0.11529589364442801
611	8.903227136853982e-66	0.18851843226781628
612	3.7220209693864475e-34	0.15590777065039
613	7.938589149580676e-14	0.12170469619479252
614	0.0089431643564435	0.06893151556240382
615	8.115921257344235e-85	0.19640653257016216
616	0.0004886812562086443	0.073975047551614
617	0.0016460486917624368	0.08039031878294939
618	1.1684889855125132e-15	0.11467726327405565
619	2.101663383308889e-12	0.1106302858662721
620	0.010735192980579152	0.07201272211464413
621	3.2672294669325495e-44	0.1593978379041685
622	0.0013486200316799263	0.0783117600315779
623	6.451848243659618e-33	0.14658434664674944
624	3.867744204517682e-48	0.16314589258644482
625	0.002179716569242056	0.08160985881249812
626	2.7504341934058684e-30	0.14014313721614602
627	2.6180968919484836e-51	0.16233925628687548
628	9.353273764855502e-31	0.14573280659305005
629	3.547031833203527e-22	0.13956909544199736
630	5.901287032656387e-05	0.09432234284832457
631	4.043412748510877e-39	0.15974097068622634
632	4.741468876934134e-75	0.1917962659999925
633	5.652913593158239e-14	0.11383420853923205
634	1.2408008483494437e-51	0.1673272725247108
635	0.0028035897358798783	0.058421155949287304
636	2.1653787890396832e-49	0.1752907403734949
637	0.0023820043405093183	0.07883750252332217
638	7.686106890785787e-10	0.109264530333496
639	1.295484041281323e-05	0.09501215688880348
640	0.008633420648247306	0.062015546570907396
641	1.2422097843303694e-64	0.18569465044043648
642	7.333503335427923e-12	0.10552312663306075
643	3.615434420951106e-24	0.12960461577142093
644	1.8360710007326543e-16	0.12411743988444877
645	0.0080269332065821	0.06982417129144072
646	0.010364431436547639	0.08096810883341496
647	0.0012369593998686644	0.06142832135484818
648	1.154099167293576e-18	0.12618825499179315
649	3.0770450729521765e-05	0.08923243277494808
650	3.021247301567006e-13	0.1035592413324188
651	0.006955006883416827	0.06620979930458554
652	6.102227062409208e-54	0.1681327759478761
653	0.010648154648440124	0.06598758151832017
654	4.1355933712185405e-68	0.1978563235569782
655	0.0007002664318551516	0.0765741746657626
656	6.451848243659618e-33	0.1358607668651974
657	0.0030618783784959074	0.05672680018836322
658	3.867744204517682e-48	0.16806744344837515
659	0.0033150438992070055	0.07844089217274448
660	5.117847405661057e-19	0.129185596761219
661	8.962890324979725e-41	0.16101163147386077
662	0.01081954219819524	0.0724897227375884
663	2.4053123275997026e-27	0.1326630761280458
664	0.0002233604983768345	0.08249258124931691
665	3.2672294669325495e-44	0.16387940739757173
666	3.22561729343552e-40	0.15843727903343208
667	1.295484041281323e-05	0.07648235514156246
668	1.2447662340790138e-55	0.17929498365006102
669	0.00033197601120713103	0.05296626492745164
670	2.7289021734717967e-55	0.1790355496134673
671	2.256727623566219e-24	0.13383557167414079
672	4.1969956487490927e-13	0.1104830708158774
673	2.6696859124053186e-46	0.1638120396533505
674	4.783773558727577e-43	0.1575393502538705
675	5.178980218452052e-65	0.19809892622126402
676	1.0823029902125143e-05	0.09171275729194742
677	1.6224079230088277e-06	0.05056905086140139
678	2.1917982388917846e-62	0.19008539124723317
679	5.214469507216299e-57	0.17868456568068408
680	1.6584048587384802e-44	0.1593276316278884
681	7.673757961717724e-21	0.1275033174382308
682	8.97635598404275e-38	0.15604343678731417
683	2.618445522378147e-38	0.16707943353151145
684	3.812102917867636e-09	0.10623139153052892
685	5.659341542396126e-56	0.16554837879949366
686	1.2573026542001231e-43	0.16259364787627634
687	4.699156996336307e-30	0.14198168173163897
688	7.333503335427923e-12	0.11027988859517562
689	1.4085641048238744e-38	0.15459620288965115
690	1.2951797550118169e-05	0.05046692867377882
691	5.351607152380605e-46	0.1662344970086897
692	5.126091173312581e-62	0.18446249036852708
693	5.901287032656387e-05	0.08589735611562571
694	0.007987224446905207	0.06811507764638447
695	9.389335947546455e-05	0.08304259816905915
696	4.6195172359438504e-08	0.09531450969351475
697	5.9631028399667315e-55	0.18245427628457517
698	7.804801784012714e-26	0.1314749645357142
699	7.411301241603648e-08	0.0930067474409646
700	0.00474026599893725	0.07075320346894198
701	4.497147339154281e-07	0.09352166946568126
702	6.040648782478335e-32	0.14208066346118792
703	3.6174576703242423e-07	0.098620779484617
704	5.540646262200638e-22	0.11860402725364978
705	8.046646921932388e-13	0.11661756605249218
706	1.1548096296953463e-50	0.17422030410972683
707	8.046989169966292e-11	0.1139522231354346
708	9.968858674208419e-12	0.10185482317632535
709	4.043412748510877e-39	0.15124574072136582
710	0.0007002664318551516	0.08322230836002932
711	3.8747308344786055e-16	0.12008687358898308
712	6.905123979768168e-05	0.09721485309860248
713	1.7818844764724497e-26	0.1440283403244252
714	4.6627424305608444e-58	0.1816040712042219
715	3.455017571885213e-15	0.1171533500218443
716	5.862244287717133e-52	0.16766861281878848
717	3.021247301567006e-13	0.11854485508423257
718	9.353273764855502e-31	0.14843439975756972
719	0.010748270300629822	0.06977614625412533
720	1.853111538593888e-17	0.11494722604514723
721	5.126091173312581e-62	0.18639679829824052
722	2.4053123275997026e-27	0.14082185015464022
723	5.862244287717133e-52	0.16501618808556534
724	3.2245083447661985e-21	0.12570509121438417
725	2.5794874961527007e-18	0.12470834372420113
726	5.862244287717133e-52	0.1764349760289275
727	0.004542916755166225	0.060171040151143065
728	1.2709928398906184e-25	0.1359908407324527
729	1.2422097843303694e-64	0.1914143863149424
730	2.064925859510653e-25	0.1276790072258483
731	0.0006226014160168528	0.07916987142918268
732	1.2988130112459315e-54	0.17719090886652145
733	1.295484041281323e-05	0.08774587135337794
734	2.0143865009019613e-35	0.1551089054723807
735	9.215179535771563e-24	0.131039141059535
736	2.071084532020388e-58	0.192325443242033
737	1.6058931724350064e-30	0.14365050536040141
738	7.068683290150998e-64	0.1756966943071594
739	1.4630345823559542e-07	0.051189931429178465
740	2.5162689204329784e-67	0.19840100842499575
741	0.005898822248532549	0.06165718554985798
742	8.046989169966292e-11	0.09831942704221544
743	8.903227136853982e-66	0.19192285931851483
744	1.2850401858327704e-08	0.051340865355686764
745	2.819789849094181e-54	0.17340950081329035
746	2.071084532020388e-58	0.17918174575501916
747	5.652913593158239e-14	0.11597462213128588
748	0.0008795898997018272	0.08836177907088968
749	1.2962914167871704e-52	0.1704034279449948
750	2.0145981415846167e-14	0.12167930066483319
751	0.01081954219819524	0.07015079129835443
752	1.667032760406802e-68	0.18917734892375165
753	1.2698119114710448e-77	0.18439549505099728
754	5.71434666958216e-18	0.12373177250254032
755	1.1548096296953463e-50	0.17850537447766884
756	1.555436412312349e-13	0.11278670386461481
757	6.160840547699754e-36	0.1525197350249452
758	1.830164422849422e-11	0.10969859591118838
759	5.117847405661057e-19	0.12586130261762157
760	0.006703415374527391	0.0784327554250891
761	2.9125027409932482e-80	0.1947483386166371
762	8.526699136775065e-07	0.09413235323663821
763	0.010873916499020513	0.0655189334174602
764	0.00948715229511219	0.07164731003435722
765	4.2483619738346534e-06	0.052113844128866445
766	4.705203797181209e-41	0.1573918549193592
767	5.41221680736248e-25	0.13467474803613114
768	1.1583321220566694e-56	0.16918675267771283
769	4.979971815536159e-21	0.12606198849262046
770	3.476129144614385e-42	0.1687731559256231
771	1.4085641048238744e-38	0.15436463214077595
772	2.6180968919484836e-51	0.16667727152887632
773	2.471729250950904e-11	0.11097243034656296
774	3.4663016962734436e-32	0.1471655949781222
775	0.010344929853217675	0.07696914465394616
776	4.497147339154281e-07	0.09827299450818561
777	0.0012163159565561927	0.07589069301796889
778	2.471729250950904e-11	0.11129558375198936
779	0.00019444225533163083	0.08621281219483984
780	5.652913593158239e-14	0.1110382991194037
781	2.2613666451604977e-73	0.19628335136559683
782	2.3692042019738236e-06	0.0980478988733047
783	3.671014414621664e-66	0.19737364174623434
784	2.0143865009019613e-35	0.14544591887839756
785	4.1969956487490927e-13	0.10626365275908667
786	4.043412748510877e-39	0.17862267486253952
787	4.043412748510877e-39	0.14293801090528607
788	2.8871498323858864e-06	0.08780496201962591
789	1.0453663684863291e-49	0.16892835169653314
790	8.046646921932388e-13	0.11494077631012448
791	9.356546230577322e-08	0.10362667509956622
792	2.935048272685909e-09	0.09954154047876215
793	2.4559489201596618e-43	0.15460533134197094
794	1.0823029902125143e-05	0.09029751858593399
795	1.7997196866655224e-42	0.17124170205580702
796	1.3637223385208818e-08	0.09429331915997718
797	2.7699513903366554e-20	0.1316182075378036
798	1.1798002806535148e-20	0.12318822377078037
799	4.6627424305608444e-58	0.17830346188930546
800	1.2447662340790138e-55	0.18325796515930792
801	0.0025967225625937737	0.07765766635516502
802	8.731488557849068e-25	0.13780226884073768
803	4.6627424305608444e-58	0.18473075690257057
804	8.476942660659187e-18	0.11691758285516447
805	1.2962914167871704e-52	0.18828024582257236
806	0.00010911136868717354	0.09184863356854564
807	1.820828049029662e-31	0.14132467612906938
808	6.618607171014792e-34	0.15236805646502233
809	1.843571764759371e-05	0.08423086000257263
810	1.9692227959502644e-05	0.052065126883657525
811	1.6808016024461211e-15	0.11250859435560442
812	8.10862207584087e-80	0.19077228377851013
813	7.411301241603648e-08	0.10145421647456099
814	2.1317501974921704e-45	0.16696164432239002
815	0.008649086000340511	0.07621044692411112
816	1.5294043363710277e-12	0.10129292544536787
817	0.010344929853217675	0.07168965812571451
818	6.518513897001783e-35	0.1575156221219564
819	7.55693981657252e-39	0.15489614355452214
820	1.4085641048238744e-38	0.15327459769233784
821	3.6334639534814234e-05	0.08800940517294495
822	1.8647262282430668e-36	0.15385401824351136
823	0.0025967225625937737	0.08409463113739243
824	1.1684889855125132e-15	0.11369736738970096
825	1.906446538341986e-10	0.1057883182501531
826	2.8871498323858864e-06	0.10329618674301834
827	0.007649345102089991	0.05864822108618846
828	2.087766185619022e-34	0.14474699402989097
829	4.705203797181209e-41	0.15609749040225496
830	1.11041127996891e-28	0.14203830417542535
831	1.6058931724350064e-30	0.14724691342446872
832	0.007373076617010533	0.07549110713258866
833	0.0080269332065821	0.07241701984082938
834	3.615434420951106e-24	0.12712625652888243
835	5.9631028399667315e-55	0.18129990895318088
836	0.010501434191284416	0.07759301623208331
837	8.476942660659187e-18	0.119425867806239
838	3.942938921798773e-12	0.11433985010448545
839	2.5794874961527007e-18	0.12459337788792746
840	0.010163696851590276	0.07422661557290179
841	2.8542753908087774e-08	0.10136609617022159
842	1.295484041281323e-05	0.08928206061552804
843	1.6741890591349917e-70	0.17667904148442187
844	4.471781393073198e-49	0.17004983686646027
845	5.383148913183954e-12	0.11399587374022155
846	5.224192267739117e-28	0.14105231911835586
847	0.0070392622406707005	0.071819841539933
848	2.249351497609862e-19	0.1264419941326338
849	1.5471637370900058e-05	0.09454206286803568
850	5.659341542396126e-56	0.1789476430353802
851	1.7026483595595865e-40	0.1507397571359585
852	1.132842071757918e-32	0.14502110189336315
853	0.009225650131981834	0.06871269501037688
854	1.154099167293576e-18	0.12058818192483287
855	1.508015446764258e-66	0.19798591693803225
856	4.1355933712185405e-68	0.1922448761108998
857	1.11546273771199e-35	0.14676284603906656
858	0.010861501059001088	0.07275873065479604
859	3.4663016962734436e-32	0.14586902730798576
860	5.823185664951882e-23	0.13484931688158913
861	5.71434666958216e-18	0.12029987564918782
862	4.937344979760379e-15	0.11420562042024053
863	1.4437784414235054e-22	0.13989046334870453
864	1.2408008483494437e-51	0.17749548327739484
865	1.3278982304829133e-46	0.16266815605579063
866	9.179695964353644e-23	0.13690408104458496
867	3.402417640004922e-60	0.18870562723040424
868	0.004223898650075156	0.059710997516232336
869	4.661874975532445e-78	0.19870197630977138
870	0.00831598409357696	0.05794918140019843
871	0.006703415374527391	0.07992433192078421
872	1.555436412312349e-13	0.11341289924668416
873	0.010648154648440124	0.06612633142777516
874	4.043412748510877e-39	0.1435505616496553
875	0.00017843402088020977	0.0571988846073301
876	6.226431405455801e-06	0.09269358215104133
877	0.00038439681200446796	0.059155502167950666
878	7.55693981657252e-39	0.1555278996657622
879	1.7997196866655224e-42	0.1502684251384223
880	1.4331853913673876e-10	0.10678708898759035
881	9.389335947546455e-05	0.07822913900447319
882	3.867744204517682e-48	0.1620507243544918
883	5.8576205059603535e-08	0.10105689361482009
884	1.7997196866655224e-42	0.16929517511084646
885	2.5794874961527007e-18	0.12318514087694306
886	1.4053645886995765e-24	0.1288504166526469
887	8.389493269433106e-06	0.05427362742373509
888	1.132842071757918e-32	0.14663480298185477
889	2.101663383308889e-12	0.10259847536482512
890	3.0770450729521765e-05	0.08438075409380986
891	2.412448899559021e-15	0.1150825064317551
892	4.1969956487490927e-13	0.10737011859063765
893	2.5794874961527007e-18	0.12046835601295405
894	8.65839781528296e-74	0.19692250312697096
895	2.471729250950904e-11	0.10465671055523458
896	1.7997196866655224e-42	0.16616152000040596
897	5.224192267739117e-28	0.1329151394824839
898	5.178980218452052e-65	0.18336966336612243
899	1.7285541014685695e-09	0.10324292767243581
900	2.599922212176707e-05	0.08682780202797613
901	6.593002873816591e-71	0.1866528859485453
902	0.00020948005044648955	0.05653013956366481
903	1.628008822435209e-82	0.1926130142091504
904	5.41221680736248e-25	0.1334610373506388
905	1.1105539150141753e-12	0.10645448250306314
906	1.2698119114710448e-77	0.19925784835086668
907	0.0023286865588014725	0.05875439692214475
908	1.254730890434899e-17	0.12750595396514183
909	0.00033197601120713103	0.05466456131833218
910	1.3427176958671504e-21	0.13567636087793503
911	0.00537460305466727	0.07707027634926734
912	2.0143865009019613e-35	0.1446438800509296
913	3.9316722094103547e-72	0.19713855136258723
914	3.402417640004922e-60	0.18123538268185718
915	1.6808016024461211e-15	0.11777543741313061
916	2.076951500045469e-33	0.1562691305077576
917	2.760996709121758e-52	0.16662031250047843
918	7.673757961717724e-21	0.12422646262738456
919	3.396699794266956e-19	0.12928002352663479
920	0.01081954219819524	0.0726176597558289
921	5.841101354671833e-10	0.10540998884178596
922	0.010748270300629822	0.071333187960918
923	4.854563804140887e-38	0.15903406300168443
924	5.71434666958216e-18	0.1215519491603395
925	2.847707229530961e-14	0.11733182550601484
926	4.1355933712185405e-68	0.18289969567480274
927	1.0839250925346833e-26	0.1291428158467342
928	4.016580668518781e-14	0.11136362478752901
929	0.0010943648312364753	0.09033380333189689
930	0.0017217215543994851	0.0608018052754655
931	3.455017571885213e-15	0.11272042005879737
932	1.600058115802288e-05	0.05386302236098751
933	2.254868574604732e-09	0.09367309108286422
934	2.249351497609862e-19	0.12552642647725948
935	1.0103654409271005e-71	0.19488995975295836
936	0.010519898574634999	0.0664074371290377
937	4.043412748510877e-39	0.1509561581324933
938	1.1798002806535148e-20	0.12498985566488001
939	9.206901955504727e-49	0.16656473439136749
940	0.010735192980579152	0.0715410496811314
941	0.0005101572115301243	0.06248039546538134
942	5.817655298187545e-13	0.10988279080286809
943	2.463271285565003e-41	0.16954433779698502
944	0.0009822889469898134	0.07875136083648351
945	8.393759370762637e-45	0.16516657882209113
946	3.0770450729521765e-05	0.09354469955928024
947	0.0007002664318551516	0.08253372314176931
948	6.327802932397382e-05	0.05250733836155097
949	3.330969523579829e-11	0.10979885898835681
950	2.530493333161207e-10	0.10716222369401787
951	4.854563804140887e-38	0.1489017404293047
952	0.002112358386104297	0.060637760070558086
953	0.00948715229511219	0.07289059805634078
954	1.600058115802288e-05	0.05248638243514012
955	0.009225650131981834	0.06706945346711103
956	5.585249880718993e-37	0.14776839140151357
957	8.476942660659187e-18	0.1103985278262379
958	5.155298620985806e-06	0.0981539471250974
959	7.55693981657252e-39	0.1336867991365659
960	2.5162689204329784e-67	0.1990190694649775
961	2.1653787890396832e-49	0.17517297710270446
962	3.4663016962734436e-32	0.1549434773599376
963	2.1917982388917846e-62	0.18773878836980873
964	0.00020948005044648955	0.055959306002462725
965	0.005898822248532549	0.060550016242328794
966	6.445078443361056e-20	0.1211009434982082
967	2.471729250950904e-11	0.10237511194356161
968	1.508015446764258e-66	0.1905878093192674
969	3.615434420951106e-24	0.1234347441717753
970	5.540646262200638e-22	0.1309473665140026
971	2.5162689204329784e-67	0.18428905485968317
972	5.652913593158239e-14	0.1169952568735536
973	3.2564309718451287e-47	0.1815551583905528
974	3.0770450729521765e-05	0.08803726240574426
975	1.0823029902125143e-05	0.0910714556237163
976	1.0091953178323052e-09	0.09925420851313853
977	8.63508219480891e-22	0.13213464057214303
978	0.0025967225625937737	0.08301930110404719
979	2.076951500045469e-33	0.150714375662191
980	0.010501434191284416	0.07141899242045006
981	0.003333635363734232	0.06411504117494592
982	1.316337239969207e-53	0.1805287619308067
983	8.061232432833015e-05	0.08553030553354979
984	1.4221168901417958e-14	0.10790060165338934
985	9.798148746727245e-20	0.13573131390879986
986	2.7699513903366554e-20	0.1288702954927205
987	0.00028572517926430194	0.061403581916316036
988	1.0220514620480593e-67	0.18111889033970424
989	4.6627424305608444e-58	0.19267034276280381
990	2.5645805160564975e-56	0.1718760956262008
991	3.635140883470861e-08	0.09257027524203115
992	1.0839250925346833e-26	0.12917701941769394
993	2.935048272685909e-09	0.10091250860264142
994	2.064925859510653e-25	0.13320009661815002
995	2.5162689204329784e-67	0.19616052033695042
996	6.3889234155221564e-09	0.09675543765784722
997	3.125260486646151e-28	0.15031949088843047
998	1.7285541014685695e-09	0.0988950810963479
999	3.2564309718451287e-47	0.16617158990226194
